Delhi,Delhi
Mumbai,Mahārāshtra
Kolkāta,West Bengal
Bangalore,Karnātaka
Chennai,Tamil Nādu
Hyderābād,Telangana
Pune,Mahārāshtra
Ahmedabad,Gujarāt
Sūrat,Gujarāt
Lucknow,Uttar Pradesh
Jaipur,Rājasthān
Cawnpore,Uttar Pradesh
Mirzāpur,Uttar Pradesh
Nāgpur,Mahārāshtra
Ghāziābād,Uttar Pradesh
Indore,Madhya Pradesh
Vadodara,Gujarāt
Vishākhapatnam,Andhra Pradesh
Bhopāl,Madhya Pradesh
Chinchvad,Mahārāshtra
Patna,Bihār
Ludhiāna,Punjab
Āgra,Uttar Pradesh
Kalyān,Mahārāshtra
Madurai,Tamil Nādu
Jamshedpur,Jharkhand
Nāsik,Mahārāshtra
Farīdābād,Haryāna
Aurangābād,Mahārāshtra
Rājkot,Gujarāt
Meerut,Uttar Pradesh
Jabalpur,Madhya Pradesh
Thāne,Mahārāshtra
Dhanbād,Jharkhand
Allahābād,Uttar Pradesh
Vārānasi,Uttar Pradesh
Srīnagar,Jammu and Kashmīr
Amritsar,Punjab
Alīgarh,Uttar Pradesh
Bhiwandi,Mahārāshtra
Gwalior,Madhya Pradesh
Bhilai,Chhattīsgarh
Hāora,West Bengal
Rānchi,Jharkhand
Bezwāda,Andhra Pradesh
Chandīgarh,Chandīgarh
Mysore,Karnātaka
Raipur,Chhattīsgarh
Kota,Rājasthān
Bareilly,Uttar Pradesh
Jodhpur,Rājasthān
Coimbatore,Tamil Nādu
Dispur,Assam
Guwāhāti,Assam
Solāpur,Mahārāshtra
Trichinopoly,Tamil Nādu
Hubli,Karnātaka
Jalandhar,Punjab
Bhubaneshwar,Odisha
Bhayandar,Mahārāshtra
Morādābād,Uttar Pradesh
Kolhāpur,Mahārāshtra
Thiruvananthapuram,Kerala
Sahāranpur,Uttar Pradesh
Warangal,Telangana
Salem,Tamil Nādu
Mālegaon,Mahārāshtra
Kochi,Kerala
Gorakhpur,Uttar Pradesh
Shimoga,Karnātaka
Tiruppūr,Tamil Nādu
Guntūr,Andhra Pradesh
Raurkela,Odisha
Mangalore,Karnātaka
Nānded,Mahārāshtra
Cuttack,Odisha
Chānda,Mahārāshtra
Dehra Dūn,Uttarakhand
Durgāpur,West Bengal
Āsansol,West Bengal
Bhāvnagar,Gujarāt
Amrāvati,Mahārāshtra
Nellore,Andhra Pradesh
Ajmer,Rājasthān
Tinnevelly,Tamil Nādu
Bīkaner,Rājasthān
Agartala,Tripura
Ujjain,Madhya Pradesh
Jhānsi,Uttar Pradesh
Ulhāsnagar,Mahārāshtra
Davangere,Karnātaka
Jammu,Jammu and Kashmīr
Belgaum,Karnātaka
Gulbarga,Karnātaka
Jāmnagar,Gujarāt
Dhūlia,Mahārāshtra
Gaya,Bihār
Jalgaon,Mahārāshtra
Kurnool,Andhra Pradesh
Udaipur,Rājasthān
Bellary,Karnātaka
Sāngli,Mahārāshtra
Tuticorin,Tamil Nādu
Calicut,Kerala
Akola,Mahārāshtra
Bhāgalpur,Bihār
Sīkar,Rājasthān
Tumkūr,Karnātaka
Quilon,Kerala
Muzaffarnagar,Uttar Pradesh
Bhīlwāra,Rājasthān
Nizāmābād,Telangana
Bhātpāra,West Bengal
Kākināda,Andhra Pradesh
Parbhani,Mahārāshtra
Pānihāti,West Bengal
Lātūr,Mahārāshtra
Rohtak,Haryāna
Rājapālaiyam,Tamil Nādu
Ahmadnagar,Mahārāshtra
Cuddapah,Andhra Pradesh
Rājahmundry,Andhra Pradesh
Alwar,Rājasthān
Muzaffarpur,Bihār
Bilāspur,Chhattīsgarh
Mathura,Uttar Pradesh
Kāmārhāti,West Bengal
Patiāla,Punjab
Saugor,Madhya Pradesh
Bijāpur,Karnātaka
Brahmapur,Odisha
Shāhjānpur,Uttar Pradesh
Trichūr,Kerala
Barddhamān,West Bengal
Kulti,West Bengal
Sambalpur,Odisha
Purnea,Bihār
Hisar,Haryāna
Fīrozābād,Uttar Pradesh
Bīdar,Karnātaka
Rāmpur,Uttar Pradesh
Shiliguri,West Bengal
Bāli,West Bengal
Pānīpat,Haryāna
Karīmnagar,Telangana
Bhuj,Gujarāt
Ichalkaranji,Mahārāshtra
Tirupati,Andhra Pradesh
Hospet,Karnātaka
Āīzawl,Mizoram
Sannai,Madhya Pradesh
Bārāsat,West Bengal
Ratlām,Madhya Pradesh
Handwāra,Jammu and Kashmīr
Drug,Chhattīsgarh
Imphāl,Manipur
Anantapur,Andhra Pradesh
Etāwah,Uttar Pradesh
Rāichūr,Karnātaka
Ongole,Andhra Pradesh
Bharatpur,Rājasthān
Begusarai,Bihār
Sonīpat,Haryāna
Rāmgundam,Telangana
Hāpur,Uttar Pradesh
Uluberiya,West Bengal
Porbandar,Gujarāt
Pāli,Rājasthān
Vizianagaram,Andhra Pradesh
Puducherry,Puducherry
Karnāl,Haryāna
Nāgercoil,Tamil Nādu
Tanjore,Tamil Nādu
Sambhal,Uttar Pradesh
Naihāti,West Bengal
Secunderābād,Telangana
Kharagpur,West Bengal
Dindigul,Tamil Nādu
Shimla,Himāchal Pradesh
Ingrāj Bāzār,West Bengal
Ellore,Andhra Pradesh
Puri,Odisha
Haldia,West Bengal
Nandyāl,Andhra Pradesh
Bulandshahr,Uttar Pradesh
Chakradharpur,Jharkhand
Bhiwāni,Haryāna
Gurgaon,Haryāna
Burhānpur,Madhya Pradesh
Khammam,Telangana
Madhyamgram,West Bengal
Ghāndīnagar,Gujarāt
Baharampur,West Bengal
Mahbūbnagar,Telangana
Mahesāna,Gujarāt
Ādoni,Andhra Pradesh
Rāiganj,West Bengal
Bhusāval,Mahārāshtra
Bahraigh,Uttar Pradesh
Shrīrāmpur,West Bengal
Tonk,Rājasthān
Sirsa,Haryāna
Jaunpur,Uttar Pradesh
Madanapalle,Andhra Pradesh
Hugli,West Bengal
Vellore,Tamil Nādu
Alleppey,Kerala
Cuddalore,Tamil Nādu
Deo,Bihār
Chīrāla,Andhra Pradesh
Machilīpatnam,Andhra Pradesh
Medinīpur,West Bengal
Bāramūla,Jammu and Kashmīr
Chandannagar,West Bengal
Fatehpur,Uttar Pradesh
Udipi,Karnātaka
Tenāli,Andhra Pradesh
Sitalpur,Uttar Pradesh
Conjeeveram,Tamil Nādu
Proddatūr,Andhra Pradesh
Navsāri,Gujarāt
Godhra,Gujarāt
Budaun,Uttar Pradesh
Chittoor,Andhra Pradesh
Harīpur,Punjab
Saharsa,Bihār
Vidisha,Madhya Pradesh
Pathānkot,Punjab
Nalgonda,Telangana
Dibrugarh,Assam
Bālurghāt,West Bengal
Krishnanagar,West Bengal
Fyzābād,Uttar Pradesh
Silchar,Assam
Shāntipur,West Bengal
Hindupur,Andhra Pradesh
Erode,Tamil Nādu
Jāmuria,West Bengal
Hābra,West Bengal
Ambāla,Haryāna
Mauli,Punjab
Kolār,Karnātaka
Shillong,Meghālaya
Bhīmavaram,Andhra Pradesh
New Delhi,Delhi
Mandsaur,Madhya Pradesh
Kumbakonam,Tamil Nādu
Tiruvannāmalai,Tamil Nādu
Chicacole,Andhra Pradesh
Bānkura,West Bengal
Mandya,Karnātaka
Hassan,Karnātaka
Yavatmāl,Mahārāshtra
Pīlibhīt,Uttar Pradesh
Pālghāt,Kerala
Abohar,Punjab
Pālakollu,Andhra Pradesh
Kānchrāpāra,West Bengal
Port Blair,Andaman and Nicobar Islands
Alīpur Duār,West Bengal
Hāthras,Uttar Pradesh
Guntakal,Andhra Pradesh
Navadwīp,West Bengal
Basīrhat,West Bengal
Hālīsahar,West Bengal
Rishra,West Bengal
Dharmavaram,Andhra Pradesh
Baidyabāti,West Bengal
Darjeeling,West Bengal
Sopur,Jammu and Kashmīr
Gudivāda,Andhra Pradesh
Adilābād,Telangana
Titāgarh,West Bengal
Chittaurgarh,Rājasthān
Narasaraopet,Andhra Pradesh
Dam Dam,West Bengal
Vālpārai,Tamil Nādu
Osmānābād,Mahārāshtra
Champdani,West Bengal
Bangaon,West Bengal
Khardah,West Bengal
Tādpatri,Andhra Pradesh
Jalpāiguri,West Bengal
Suriāpet,Telangana
Tādepallegūdem,Andhra Pradesh
Bānsbāria,West Bengal
Negapatam,Tamil Nādu
Bhadreswar,West Bengal
Chilakalūrupet,Andhra Pradesh
Kalyani,West Bengal
Gangtok,Sikkim
Kohīma,Nāgāland
Khambhāt,Gujarāt
Aurangābād,Bihār
Emmiganūr,Andhra Pradesh
Rāyachoti,Andhra Pradesh
Kāvali,Andhra Pradesh
Mancherāl,Telangana
Kadiri,Andhra Pradesh
Ootacamund,Tamil Nādu
Anakāpalle,Andhra Pradesh
Sirsilla,Telangana
Kāmāreddipet,Telangana
Pāloncha,Telangana
Kottagūdem,Telangana
Tanuku,Andhra Pradesh
Bodhan,Telangana
Karūr,Tamil Nādu
Mangalagiri,Andhra Pradesh
Kairāna,Uttar Pradesh
Mārkāpur,Andhra Pradesh
Malaut,Punjab
Bāpatla,Andhra Pradesh
Badvel,Andhra Pradesh
Jorhāt,Assam
Koratla,Telangana
Pulivendla,Andhra Pradesh
Jaisalmer,Rājasthān
Tādepalle,Andhra Pradesh
Armūr,Telangana
Jatani,Odisha
Gadwāl,Telangana
Nagari,Andhra Pradesh
Wanparti,Telangana
Ponnūru,Andhra Pradesh
Vinukonda,Andhra Pradesh
Itānagar,Arunāchal Pradesh
Tezpur,Assam
Narasapur,Andhra Pradesh
Kothāpet,Telangana
Mācherla,Andhra Pradesh
Kandukūr,Andhra Pradesh
Sāmalkot,Andhra Pradesh
Bobbili,Andhra Pradesh
Sattenapalle,Andhra Pradesh
Vrindāvan,Uttar Pradesh
Mandapeta,Andhra Pradesh
Belampalli,Telangana
Bhīmunipatnam,Andhra Pradesh
Nāndod,Gujarāt
Pithāpuram,Andhra Pradesh
Punganūru,Andhra Pradesh
Puttūr,Andhra Pradesh
Jalor,Rājasthān
Palmaner,Andhra Pradesh
Dholka,Gujarāt
Jaggayyapeta,Telangana
Tuni,Andhra Pradesh
Amalāpuram,Andhra Pradesh
Jagtiāl,Telangana
Vikārābād,Telangana
Venkatagiri,Andhra Pradesh
Sihor,Gujarāt
Jangaon,Telangana
Mandamāri,Telangana
Metpalli,Telangana
Repalle,Andhra Pradesh
Bhainsa,Telangana
Jasdan,Gujarāt
Jammalamadugu,Andhra Pradesh
Rāmeswaram,Tamil Nādu
Addanki,Andhra Pradesh
Nidadavole,Andhra Pradesh
Bodupāl,Telangana
Rājgīr,Bihār
Rajaori,Jammu and Kashmīr
Naini Tal,Uttarakhand
Channarāyapatna,Karnātaka
Maihar,Madhya Pradesh
Panaji,Goa
Junnar,Mahārāshtra
Amudālavalasa,Andhra Pradesh
Damān,Gujarāt
Kovvūr,Andhra Pradesh
Solan,Himāchal Pradesh
Dwārka,Gujarāt
Pathanāmthitta,Kerala
Kodaikānal,Tamil Nādu
Udhampur,Jammu and Kashmīr
Giddalūr,Andhra Pradesh
Yellandu,Telangana
Shrīrangapattana,Karnātaka
Angamāli,Kerala
Umaria,Madhya Pradesh
Fatehpur Sīkri,Uttar Pradesh
Mangūr,Telangana
Pedana,Andhra Pradesh
Uran,Mahārāshtra
Chimākurti,Andhra Pradesh
Devarkonda,Telangana
Bandipura,Jammu and Kashmīr
Silvassa,Dādra and Nagar Haveli
Pāmidi,Andhra Pradesh
Narasannapeta,Andhra Pradesh
Jaynagar-Majilpur,West Bengal
Khed Brahma,Gujarāt
Khajurāho,Madhya Pradesh
Koilkuntla,Andhra Pradesh
Diu,Damān and Diu
Kulgam,Jammu and Kashmīr
Gauripur,Assam
Abu,Rājasthān
Curchorem,Goa
Kavaratti,Lakshadweep
Panchkula,Haryāna
Kagaznāgār,Telangana
